maw,南京航空航天大学,陈仁良,航空学院（NUAA）
maw,南京航空航天大学,韩东,航空学院（NUAA）
maw,南京航空航天大学,李建波,航空学院（NUAA）
maw,南京航空航天大学,陆洋,航空学院（NUAA）
maw,南京航空航天大学,史勇杰,航空学院（NUAA）
maw,南京航空航天大学,王华明,航空学院（NUAA）
maw,南京航空航天大学,夏品奇,航空学院（NUAA）
maw,南京航空航天大学,徐国华,航空学院（NUAA）
maw,南京航空航天大学,徐锦法,航空学院（NUAA）
maw,南京航空航天大学,杨卫东,航空学院（NUAA）
maw,南京航空航天大学,招启军,航空学院（NUAA）
maw,南京航空航天大学,LIIA MAKAROVA,航空学院（NUAA）
maw,南京航空航天大学,高亚东,航空学院（NUAA）
maw,南京航空航天大学,李攀,航空学院（NUAA）
maw,南京航空航天大学,宋来收,航空学院（NUAA）
maw,南京航空航天大学,宋彦国,航空学院（NUAA）
maw,南京航空航天大学,孙传伟,航空学院（NUAA）
maw,南京航空航天大学,王潇,航空学院（NUAA）
maw,南京航空航天大学,吴伟,航空学院（NUAA）
maw,南京航空航天大学,朱清华,航空学院（NUAA）
maw,南京航空航天大学,陈希,航空学院（NUAA）
maw,南京航空航天大学,董凌华,航空学院（NUAA）
maw,南京航空航天大学,刘勇,航空学院（NUAA）
maw,南京航空航天大学,王博,航空学院（NUAA）
maw,南京航空航天大学,虞志浩,航空学院（NUAA）
maw,南京航空航天大学,张俊豪,航空学院（NUAA）
maw,南京航空航天大学,赵国庆,航空学院（NUAA）
maw,南京航空航天大学,陈维芹,航空学院（NUAA）
maw,南京航空航天大学,孔卫红,航空学院（NUAA）
maw,南京航空航天大学,李峰,航空学院（NUAA）
maw,南京航空航天大学,彭宁航,航空学院（NUAA）
maw,南京航空航天大学,王文英,航空学院（NUAA）
maw,南京航空航天大学,朱小林,航空学院（NUAA）
maw,南京航空航天大学,陈普会,航空学院（NUAA）
maw,南京航空航天大学,KRETOV ANATOLII,航空学院（NUAA）
maw,南京航空航天大学,李洪双,航空学院（NUAA）
maw,南京航空航天大学,聂宏,航空学院（NUAA）
maw,南京航空航天大学,童明波,航空学院（NUAA）
maw,南京航空航天大学,王志瑾,航空学院（NUAA）
maw,南京航空航天大学,魏小辉,航空学院（NUAA）
maw,南京航空航天大学,薛彩军,航空学院（NUAA）
maw,南京航空航天大学,姚卫星,航空学院（NUAA）
maw,南京航空航天大学,余雄庆,航空学院（NUAA）
maw,南京航空航天大学,张明,航空学院（NUAA）
maw,南京航空航天大学,郑祥明,航空学院（NUAA）
maw,南京航空航天大学,邓双厚,航空学院（NUAA）
maw,南京航空航天大学,郭玉杰,航空学院（NUAA）
maw,南京航空航天大学,金海波,航空学院（NUAA）
maw,南京航空航天大学,王晨,航空学院（NUAA）
maw,南京航空航天大学,王英玉,航空学院（NUAA）
maw,南京航空航天大学,王宇,航空学院（NUAA）
maw,南京航空航天大学,吴富强,航空学院（NUAA）
maw,南京航空航天大学,肖天航,航空学院（NUAA）
maw,南京航空航天大学,徐惠民,航空学院（NUAA）
maw,南京航空航天大学,许锋,航空学院（NUAA）
maw,南京航空航天大学,尹乔之,航空学院（NUAA）
maw,南京航空航天大学,印寅,航空学院（NUAA）
maw,南京航空航天大学,朱程香,航空学院（NUAA）
maw,南京航空航天大学,朱书华,航空学院（NUAA）
maw,南京航空航天大学,曾建江,航空学院（NUAA）
maw,南京航空航天大学,邓枫,航空学院（NUAA）
maw,南京航空航天大学,黄杰,航空学院（NUAA）
maw,南京航空航天大学,罗东明,航空学院（NUAA）
maw,南京航空航天大学,王强,航空学院（NUAA）
maw,南京航空航天大学,叶强,航空学院（NUAA）
maw,南京航空航天大学,朱赫,航空学院（NUAA）
maw,南京航空航天大学,陈美丽,航空学院（NUAA）
maw,南京航空航天大学,陈国平,航空学院（NUAA）
maw,南京航空航天大学,陈怀海,航空学院（NUAA）
maw,南京航空航天大学,陈卫东,航空学院（NUAA）
maw,南京航空航天大学,陈提,航空学院（NUAA）
maw,南京航空航天大学,何欢,航空学院（NUAA）
maw,南京航空航天大学,黄锐,航空学院（NUAA）
maw,南京航空航天大学,王在华,航空学院（NUAA）
maw,南京航空航天大学,金栋平,航空学院（NUAA）
maw,南京航空航天大学,刘先斌,航空学院（NUAA）
maw,南京航空航天大学,文浩,航空学院（NUAA）
maw,南京航空航天大学,张方,航空学院（NUAA）
maw,南京航空航天大学,张丽,航空学院（NUAA）
maw,南京航空航天大学,赵永辉,航空学院（NUAA）
maw,南京航空航天大学,贺旭东,航空学院（NUAA）
maw,南京航空航天大学,纪国宜,航空学院（NUAA）
maw,南京航空航天大学,姜金辉,航空学院（NUAA）
maw,南京航空航天大学,康俊杰,航空学院（NUAA）
maw,南京航空航天大学,冷小磊,航空学院（NUAA）
maw,南京航空航天大学,刘豪杰,航空学院（NUAA）
maw,南京航空航天大学,邵敏强,航空学院（NUAA）
maw,南京航空航天大学,申凡,航空学院（NUAA）
maw,南京航空航天大学,王怀磊,航空学院（NUAA）
maw,南京航空航天大学,王轲,航空学院（NUAA）
maw,南京航空航天大学,王彤,航空学院（NUAA）
maw,南京航空航天大学,余本嵩,航空学院（NUAA）
maw,南京航空航天大学,员海玮,航空学院（NUAA）
maw,南京航空航天大学,高雪,航空学院（NUAA）
maw,南京航空航天大学,滕汉东,航空学院（NUAA）
maw,南京航空航天大学,徐世东,航空学院（NUAA）
maw,南京航空航天大学,徐庆华,航空学院（NUAA）
maw,南京航空航天大学,袁小红,航空学院（NUAA）
maw,南京航空航天大学,高存法,航空学院（NUAA）
maw,南京航空航天大学,胡克强,航空学院（NUAA）
maw,南京航空航天大学,黄佩珍,航空学院（NUAA）
maw,南京航空航天大学,黄再兴,航空学院（NUAA）
maw,南京航空航天大学,李鹏,航空学院（NUAA）
maw,南京航空航天大学,卢天健,航空学院（NUAA）
maw,南京航空航天大学,卿海,航空学院（NUAA）
maw,南京航空航天大学,史治宇,航空学院（NUAA）
maw,南京航空航天大学,孙慧玉,航空学院（NUAA）
maw,南京航空航天大学,TONGBEUM KIM,航空学院（NUAA）
maw,南京航空航天大学,王永亮,航空学院（NUAA）
maw,南京航空航天大学,许希武,航空学院（NUAA）
maw,南京航空航天大学,张斌,航空学院（NUAA）
maw,南京航空航天大学,周储伟,航空学院（NUAA）
maw,南京航空航天大学,周光明,航空学院（NUAA）
maw,南京航空航天大学,周丽,航空学院（NUAA）
maw,南京航空航天大学,戴明,航空学院（NUAA）
maw,南京航空航天大学,郭树祥,航空学院（NUAA）
maw,南京航空航天大学,李永强,航空学院（NUAA）
maw,南京航空航天大学,林智育,航空学院（NUAA）
maw,南京航空航天大学,刘家贵,航空学院（NUAA）
maw,南京航空航天大学,刘强,航空学院（NUAA）
maw,南京航空航天大学,刘少宝,航空学院（NUAA）
maw,南京航空航天大学,倪长也,航空学院（NUAA）
maw,南京航空航天大学,沈承,航空学院（NUAA）
maw,南京航空航天大学,师岩,航空学院（NUAA）
maw,南京航空航天大学,宋豪鹏,航空学院（NUAA）
maw,南京航空航天大学,王新峰,航空学院（NUAA）
maw,南京航空航天大学,严刚,航空学院（NUAA）
maw,南京航空航天大学,赵振宇,航空学院（NUAA）
maw,南京航空航天大学,邓健,航空学院（NUAA）
maw,南京航空航天大学,古兴瑾,航空学院（NUAA）
maw,南京航空航天大学,毛春见,航空学院（NUAA）
maw,南京航空航天大学,杨帆,航空学院（NUAA）
maw,南京航空航天大学,汤剑飞,航空学院（NUAA）
maw,南京航空航天大学,仇虎,航空学院（NUAA）
maw,南京航空航天大学,郭万林,航空学院（NUAA）
maw,南京航空航天大学,郭宇锋,航空学院（NUAA）
maw,南京航空航天大学,刘心声,航空学院（NUAA）
maw,南京航空航天大学,刘衍朋,航空学院（NUAA）
maw,南京航空航天大学,台国安,航空学院（NUAA）
maw,南京航空航天大学,易敏,航空学院（NUAA）
maw,南京航空航天大学,殷俊,航空学院（NUAA）
maw,南京航空航天大学,张助华,航空学院（NUAA）
maw,南京航空航天大学,刘小飞,航空学院（NUAA）
maw,南京航空航天大学,佘崇民,航空学院（NUAA）
maw,南京航空航天大学,周建新,航空学院（NUAA）
maw,南京航空航天大学,陈亚清,航空学院（NUAA）
maw,南京航空航天大学,林繁荣,航空学院（NUAA）
maw,南京航空航天大学,王琴,航空学院（NUAA）
maw,南京航空航天大学,陈仁文,航空学院（NUAA）
maw,南京航空航天大学,季宏丽,航空学院（NUAA）
maw,南京航空航天大学,钱征华,航空学院（NUAA）
maw,南京航空航天大学,邱雷,航空学院（NUAA）
maw,南京航空航天大学,裘进浩,航空学院（NUAA）
maw,南京航空航天大学,沈星,航空学院（NUAA）
maw,南京航空航天大学,王婧,航空学院（NUAA）
maw,南京航空航天大学,吴奇,航空学院（NUAA）
maw,南京航空航天大学,熊克,航空学院（NUAA）
maw,南京航空航天大学,徐志伟,航空学院（NUAA）
maw,南京航空航天大学,袁慎芳,航空学院（NUAA）
maw,南京航空航天大学,郑世杰,航空学院（NUAA）
maw,南京航空航天大学,朱孔军,航空学院（NUAA）
maw,南京航空航天大学,蔡建,航空学院（NUAA）
maw,南京航空航天大学,王彬,航空学院（NUAA）
maw,南京航空航天大学,吴义鹏,航空学院（NUAA）
maw,南京航空航天大学,严康,航空学院（NUAA）
maw,南京航空航天大学,曾捷,航空学院（NUAA）
maw,南京航空航天大学,张超,航空学院（NUAA）
maw,南京航空航天大学,陈健,航空学院（NUAA）
maw,南京航空航天大学,EIMAN,航空学院（NUAA）
maw,南京航空航天大学,任元强,航空学院（NUAA）
maw,南京航空航天大学,陶翀骢,航空学院（NUAA）
maw,南京航空航天大学,方明,航空学院（NUAA）
maw,南京航空航天大学,关美英,航空学院（NUAA）
maw,南京航空航天大学,金家楣,航空学院（NUAA）
maw,南京航空航天大学,李华峰,航空学院（NUAA）
maw,南京航空航天大学,孙志峻,航空学院（NUAA）
maw,南京航空航天大学,王一平,航空学院（NUAA）
maw,南京航空航天大学,吴大伟,航空学院（NUAA）
maw,南京航空航天大学,杨颖,航空学院（NUAA）
maw,南京航空航天大学,丁庆军,航空学院（NUAA）
maw,南京航空航天大学,郭明森,航空学院（NUAA）
maw,南京航空航天大学,芦小龙,航空学院（NUAA）
maw,南京航空航天大学,潘松,航空学院（NUAA）
maw,南京航空航天大学,彭瀚旻,航空学院（NUAA）
maw,南京航空航天大学,时运来,航空学院（NUAA）
maw,南京航空航天大学,王亮,航空学院（NUAA）
maw,南京航空航天大学,杨淋,航空学院（NUAA）
maw,南京航空航天大学,赵盖,航空学院（NUAA）
maw,南京航空航天大学,周盛强,航空学院（NUAA）
maw,南京航空航天大学,周正东,航空学院（NUAA）
maw,南京航空航天大学,朱华,航空学院（NUAA）
maw,南京航空航天大学,赵振华,航空学院（NUAA）
maw,南京航空航天大学,罗刚,航空学院（NUAA）
maw,南京航空航天大学,张萍,航空学院（NUAA）
maw,南京航空航天大学,陈建平,航空学院（NUAA）
maw,南京航空航天大学,王开福,航空学院（NUAA）
maw,南京航空航天大学,周克印,航空学院（NUAA）
maw,南京航空航天大学,姜云鹏,航空学院（NUAA）
maw,南京航空航天大学,李晨,航空学院（NUAA）
maw,南京航空航天大学,刘荣梅,航空学院（NUAA）
maw,南京航空航天大学,孙伟,航空学院（NUAA）
maw,南京航空航天大学,唐静静,航空学院（NUAA）
maw,南京航空航天大学,张剑,航空学院（NUAA）
maw,南京航空航天大学,张明,航空学院（NUAA）
maw,南京航空航天大学,胡知力,航空学院（NUAA）
maw,南京航空航天大学,李栋栋,航空学院（NUAA）
maw,南京航空航天大学,王单,航空学院（NUAA）
maw,南京航空航天大学,王韬熹,航空学院（NUAA）
maw,南京航空航天大学,张强,航空学院（NUAA）
maw,南京航空航天大学,李训涛,航空学院（NUAA）
maw,南京航空航天大学,杨婷,航空学院（NUAA）
maw,南京航空航天大学,方贤德,航空学院（NUAA）
maw,南京航空航天大学,蒋彦龙,航空学院（NUAA）
maw,南京航空航天大学,刘卫华,航空学院（NUAA）
maw,南京航空航天大学,孙建红,航空学院（NUAA）
maw,南京航空航天大学,余莉,航空学院（NUAA）
maw,南京航空航天大学,张大林,航空学院（NUAA）
maw,南京航空航天大学,朱春玲,航空学院（NUAA）
maw,南京航空航天大学,曹业玲,航空学院（NUAA）
maw,南京航空航天大学,陈维建,航空学院（NUAA）
maw,南京航空航天大学,范菊莉,航空学院（NUAA）
maw,南京航空航天大学,冯诗愚,航空学院（NUAA）
maw,南京航空航天大学,李凤志,航空学院（NUAA）
maw,南京航空航天大学,李岩军,航空学院（NUAA）
maw,南京航空航天大学,苏向辉,航空学院（NUAA）
maw,南京航空航天大学,夏文庆,航空学院（NUAA）
maw,南京航空航天大学,许常悦,航空学院（NUAA）
maw,南京航空航天大学,余刚,航空学院（NUAA）
maw,南京航空航天大学,张朋磊,航空学院（NUAA）
maw,南京航空航天大学,李卓裴,航空学院（NUAA）
maw,南京航空航天大学,刘可,航空学院（NUAA）
maw,南京航空航天大学,吴惠祥,航空学院（NUAA）
maw,南京航空航天大学,武艳,航空学院（NUAA）
maw,南京航空航天大学,许玉,航空学院（NUAA）
maw,南京航空航天大学,陈文虎,航空学院（NUAA）
maw,南京航空航天大学,范涛峰,航空学院（NUAA）
maw,南京航空航天大学,马少波,航空学院（NUAA）
maw,南京航空航天大学,陈红全,航空学院（NUAA）
maw,南京航空航天大学,顾蕴松,航空学院（NUAA）
maw,南京航空航天大学,郭同庆,航空学院（NUAA）
maw,南京航空航天大学,刘学强,航空学院（NUAA）
maw,南京航空航天大学,陆志良,航空学院（NUAA）
maw,南京航空航天大学,吕宏强,航空学院（NUAA）
maw,南京航空航天大学,史志伟,航空学院（NUAA）
maw,南京航空航天大学,唐智礼,航空学院（NUAA）
maw,南京航空航天大学,王江峰,航空学院（NUAA）
maw,南京航空航天大学,王同光,航空学院（NUAA）
maw,南京航空航天大学,王岩,航空学院（NUAA）
maw,南京航空航天大学,吴杰,航空学院（NUAA）
maw,南京航空航天大学,夏健,航空学院（NUAA）
maw,南京航空航天大学,杨鲤铭,航空学院（NUAA）
maw,南京航空航天大学,赵宁,航空学院（NUAA）
maw,南京航空航天大学,周春华,航空学院（NUAA）
maw,南京航空航天大学,耿玺,航空学院（NUAA）
maw,南京航空航天大学,秦波,航空学院（NUAA）
maw,南京航空航天大学,田书玲,航空学院（NUAA）
maw,南京航空航天大学,王焕瑾,航空学院（NUAA）
maw,南京航空航天大学,王珑,航空学院（NUAA）
maw,南京航空航天大学,王逸斌,航空学院（NUAA）
maw,南京航空航天大学,吴永健,航空学院（NUAA）
maw,南京航空航天大学,闫再友,航空学院（NUAA）
maw,南京航空航天大学,钟伟,航空学院（NUAA）
maw,南京航空航天大学,白亚磊,航空学院（NUAA）
maw,南京航空航天大学,陈龙,航空学院（NUAA）
maw,南京航空航天大学,陈永亮,航空学院（NUAA）
maw,南京航空航天大学,龚正,航空学院（NUAA）
maw,南京航空航天大学,张震宇,航空学院（NUAA）
maw,南京航空航天大学,程克明,航空学院（NUAA）
maw,南京航空航天大学,董昊,航空学院（NUAA）
maw,南京航空航天大学,黄达,航空学院（NUAA）
maw,南京航空航天大学,王成鹏,航空学院（NUAA）
maw,南京航空航天大学,张召明,航空学院（NUAA）
maw,南京航空航天大学,李甘牛,航空学院（NUAA）
maw,南京航空航天大学,姚裕,航空学院（NUAA）
maw,南京航空航天大学,张传鸿,航空学院（NUAA）
maw,南京航空航天大学,张军,航空学院（NUAA）
maw,南京航空航天大学,陈华,航空学院（NUAA）
maw,南京航空航天大学,杜航,航空学院（NUAA）
maw,南京航空航天大学,丁克文,航空学院（NUAA）
maw,南京航空航天大学,徐伍峰,航空学院（NUAA）
maw,南京航空航天大学,张红英,航空学院（NUAA）
maw,南京航空航天大学,陈超,航空学院（NUAA）
maw,南京航空航天大学,范华林,航空学院（NUAA）
maw,南京航空航天大学,胡俊辉,航空学院（NUAA）
maw,南京航空航天大学,王立峰,航空学院（NUAA）
maw,南京航空航天大学,姚志远,航空学院（NUAA）
maw,南京航空航天大学,邹鸿生,航空学院（NUAA）
maw,南京航空航天大学,刘汝盟,航空学院（NUAA）
maw,南京航空航天大学,M.Furjan(弗简),航空学院（NUAA）
maw,南京航空航天大学,樊牧,航空学院（NUAA）
maw,南京航空航天大学,尚闫,航空学院（NUAA）
maw,南京航空航天大学,宿柱,航空学院（NUAA）
maw,南京航空航天大学,安西月,航空学院（NUAA）
maw,南京航空航天大学,蔡登安,航空学院（NUAA）
maw,南京航空航天大学,陈振宁,航空学院（NUAA）
maw,南京航空航天大学,陈肇麟,航空学院（NUAA）
maw,南京航空航天大学,邓妍,航空学院（NUAA）
maw,南京航空航天大学,高宜胜,航空学院（NUAA）
maw,南京航空航天大学,蓝春波,航空学院（NUAA）
maw,南京航空航天大学,李琳恺,航空学院（NUAA）
maw,南京航空航天大学,李晓牛,航空学院（NUAA）
maw,南京航空航天大学,尚丽娜,航空学院（NUAA）
maw,南京航空航天大学,孙加亮,航空学院（NUAA）
maw,南京航空航天大学,徐亮,航空学院（NUAA）
maw,南京航空航天大学,张夏阳,航空学院（NUAA）
maw,南京航空航天大学,张兴玉,航空学院（NUAA）
maw,南京航空航天大学,赵晓葭,航空学院（NUAA）
maw,南京航空航天大学,郑卓群,航空学院（NUAA）
maw,南京航空航天大学,朱光亚,航空学院（NUAA）
maw,南京航空航天大学,顾长青,电子信息工程学院/集成电路学院（NUAA）
maw,南京航空航天大学,李茁,电子信息工程学院/集成电路学院（NUAA）
maw,南京航空航天大学,刘少斌,电子信息工程学院/集成电路学院（NUAA）
maw,南京航空航天大学,潘明海,电子信息工程学院/集成电路学院（NUAA）
maw,南京航空航天大学,曹群生,电子信息工程学院/集成电路学院（NUAA）
maw,南京航空航天大学,赵永久,电子信息工程学院/集成电路学院（NUAA）
maw,南京航空航天大学,潘时龙,电子信息工程学院/集成电路学院（NUAA）
maw,南京航空航天大学,朱丹,电子信息工程学院/集成电路学院（NUAA）
maw,南京航空航天大学,张方正,电子信息工程学院/集成电路学院（NUAA）
maw,南京航空航天大学,BIKASH,电子信息工程学院/集成电路学院（NUAA）
maw,南京航空航天大学,刘维浩,电子信息工程学院/集成电路学院（NUAA）
maw,南京航空航天大学,徐大专,电子信息工程学院/集成电路学院（NUAA）
maw,南京航空航天大学,宋茂忠,电子信息工程学院/集成电路学院（NUAA）
maw,南京航空航天大学,吴一全,电子信息工程学院/集成电路学院（NUAA）
maw,南京航空航天大学,周建江,电子信息工程学院/集成电路学院（NUAA）
maw,南京航空航天大学,张弓,电子信息工程学院/集成电路学院（NUAA）
maw,南京航空航天大学,仰枫帆,电子信息工程学院/集成电路学院（NUAA）
maw,南京航空航天大学,朱岱寅,电子信息工程学院/集成电路学院（NUAA）
maw,南京航空航天大学,汪玲,电子信息工程学院/集成电路学院（NUAA）
maw,南京航空航天大学,朱秋明,电子信息工程学院/集成电路学院（NUAA）
maw,南京航空航天大学,张小飞,电子信息工程学院/集成电路学院（NUAA）
maw,南京航空航天大学,虞湘宾,电子信息工程学院/集成电路学院（NUAA）
maw,南京航空航天大学,雷磊,电子信息工程学院/集成电路学院（NUAA）
maw,南京航空航天大学,毛新华,电子信息工程学院/集成电路学院（NUAA）
maw,南京航空航天大学,陈华伟,电子信息工程学院/集成电路学院（NUAA）
maw,南京航空航天大学,党小宇,电子信息工程学院/集成电路学院（NUAA）
maw,南京航空航天大学,张劲东,电子信息工程学院/集成电路学院（NUAA）
maw,南京航空航天大学,吴启晖,电子信息工程学院/集成电路学院（NUAA）
maw,南京航空航天大学,董超,电子信息工程学院/集成电路学院（NUAA）
maw,南京航空航天大学,毕辉,电子信息工程学院/集成电路学院（NUAA）
maw,南京航空航天大学,王威,电子信息工程学院/集成电路学院（NUAA）
maw,南京航空航天大学,周福辉,电子信息工程学院/集成电路学院（NUAA）
maw,南京航空航天大学,周博,电子信息工程学院/集成电路学院（NUAA）
maw,南京航空航天大学,张磊,电子信息工程学院/集成电路学院（NUAA）
maw,南京航空航天大学,王成华,电子信息工程学院/集成电路学院（NUAA）
maw,南京航空航天大学,吴宁,电子信息工程学院/集成电路学院（NUAA）
maw,南京航空航天大学,卜刚,电子信息工程学院/集成电路学院（NUAA）
maw,南京航空航天大学,刘伟强,电子信息工程学院/集成电路学院（NUAA）
maw,南京航空航天大学,施永荣,电子信息工程学院/集成电路学院（NUAA）
maw,南京航空航天大学,李昂,电子信息工程学院/集成电路学院（NUAA）
maw,南京航空航天大学,何吉,电子信息工程学院/集成电路学院（NUAA）
maw,南京航空航天大学,臧春华,电子信息工程学院/集成电路学院（NUAA）
maw,南京航空航天大学,胡志忠,电子信息工程学院/集成电路学院（NUAA）
maw,南京航空航天大学,周永刚,电子信息工程学院/集成电路学院（NUAA）
maw,南京航空航天大学,邵杰,电子信息工程学院/集成电路学院（NUAA）
maw,南京航空航天大学,余汉成,电子信息工程学院/集成电路学院（NUAA）
maw,南京航空航天大学,何小祥,电子信息工程学院/集成电路学院（NUAA）
maw,南京航空航天大学,牛臻弋,电子信息工程学院/集成电路学院（NUAA）
maw,南京航空航天大学,杨阳,电子信息工程学院/集成电路学院（NUAA）
maw,南京航空航天大学,刘冰,电子信息工程学院/集成电路学院（NUAA）
maw,南京航空航天大学,刘云,电子信息工程学院/集成电路学院（NUAA）
maw,南京航空航天大学,王毅,电子信息工程学院/集成电路学院（NUAA）
maw,南京航空航天大学,邓宏伟,电子信息工程学院/集成电路学院（NUAA）
maw,南京航空航天大学,陈新蕾,电子信息工程学院/集成电路学院（NUAA）
maw,南京航空航天大学,孔祥鲲,电子信息工程学院/集成电路学院（NUAA）
maw,南京航空航天大学,王祥传,电子信息工程学院/集成电路学院（NUAA）
maw,南京航空航天大学,邢蕾,电子信息工程学院/集成电路学院（NUAA）
maw,南京航空航天大学,薛敏,电子信息工程学院/集成电路学院（NUAA）
maw,南京航空航天大学,徐千,电子信息工程学院/集成电路学院（NUAA）
maw,南京航空航天大学,黄正宇,电子信息工程学院/集成电路学院（NUAA）
maw,南京航空航天大学,赵兴,电子信息工程学院/集成电路学院（NUAA）
maw,南京航空航天大学,张亚梅,电子信息工程学院/集成电路学院（NUAA）
maw,南京航空航天大学,刘亮亮,电子信息工程学院/集成电路学院（NUAA）
maw,南京航空航天大学,徐忠扬,电子信息工程学院/集成电路学院（NUAA）
maw,南京航空航天大学,黎宁,电子信息工程学院/集成电路学院（NUAA）
maw,南京航空航天大学,陈小敏,电子信息工程学院/集成电路学院（NUAA）
maw,南京航空航天大学,李海林,电子信息工程学院/集成电路学院（NUAA）
maw,南京航空航天大学,王旭东,电子信息工程学院/集成电路学院（NUAA）
maw,南京航空航天大学,夏伟杰,电子信息工程学院/集成电路学院（NUAA）
maw,南京航空航天大学,李勇,电子信息工程学院/集成电路学院（NUAA）
maw,南京航空航天大学,汪飞,电子信息工程学院/集成电路学院（NUAA）
maw,南京航空航天大学,宋晓勤,电子信息工程学院/集成电路学院（NUAA）
maw,南京航空航天大学,胡文,电子信息工程学院/集成电路学院（NUAA）
maw,南京航空航天大学,吴迪,电子信息工程学院/集成电路学院（NUAA）
maw,南京航空航天大学,闫贺,电子信息工程学院/集成电路学院（NUAA）
maw,南京航空航天大学,李明磊,电子信息工程学院/集成电路学院（NUAA）
maw,南京航空航天大学,徐帆,电子信息工程学院/集成电路学院（NUAA）
maw,南京航空航天大学,时晨光,电子信息工程学院/集成电路学院（NUAA）
maw,南京航空航天大学,戚楠,电子信息工程学院/集成电路学院（NUAA）
maw,南京航空航天大学,王鹏,电子信息工程学院/集成电路学院（NUAA）
maw,南京航空航天大学,黄洋,电子信息工程学院/集成电路学院（NUAA）
maw,南京航空航天大学,晋本周,电子信息工程学院/集成电路学院（NUAA）
maw,南京航空航天大学,张莉涓,电子信息工程学院/集成电路学院（NUAA）
maw,南京航空航天大学,李建峰,电子信息工程学院/集成电路学院（NUAA）
maw,南京航空航天大学,耿哲,电子信息工程学院/集成电路学院（NUAA）
maw,南京航空航天大学,孙萌,电子信息工程学院/集成电路学院（NUAA）
maw,南京航空航天大学,冯斯梦,电子信息工程学院/集成电路学院（NUAA）
maw,南京航空航天大学,金国栋,电子信息工程学院/集成电路学院（NUAA）
maw,南京航空航天大学,董培浩,电子信息工程学院/集成电路学院（NUAA）
maw,南京航空航天大学,李婕,电子信息工程学院/集成电路学院（NUAA）
maw,南京航空航天大学,林志鹏,电子信息工程学院/集成电路学院（NUAA）
maw,南京航空航天大学,贾子晔,电子信息工程学院/集成电路学院（NUAA）
maw,南京航空航天大学,葛芬,电子信息工程学院/集成电路学院（NUAA）
maw,南京航空航天大学,陈鑫,电子信息工程学院/集成电路学院（NUAA）
maw,南京航空航天大学,周玉斐,电子信息工程学院/集成电路学院（NUAA）
maw,南京航空航天大学,李思敏,电子信息工程学院/集成电路学院（NUAA）
maw,南京航空航天大学,唐震宙,电子信息工程学院/集成电路学院（NUAA）
maw,南京航空航天大学,陈珂,电子信息工程学院/集成电路学院（NUAA）
maw,南京航空航天大学,朱从益,电子信息工程学院/集成电路学院（NUAA）
maw,南京航空航天大学,杨建华,电子信息工程学院/集成电路学院（NUAA）
maw,南京航空航天大学,万程,电子信息工程学院/集成电路学院（NUAA）
maw,南京航空航天大学,孔莹莹,电子信息工程学院/集成电路学院（NUAA）
maw,南京航空航天大学,柳涛,电子信息工程学院/集成电路学院（NUAA）
maw,南京航空航天大学,蔡圣所,电子信息工程学院/集成电路学院（NUAA）
maw,南京航空航天大学,张颖,电子信息工程学院/集成电路学院（NUAA）
maw,南京航空航天大学,周芳,电子信息工程学院/集成电路学院（NUAA）
maw,南京航空航天大学,夏永君,电子信息工程学院/集成电路学院（NUAA）
maw,南京航空航天大学,邱旦峰,电子信息工程学院/集成电路学院（NUAA）
maw,南京航空航天大学,孙杰,电子信息工程学院/集成电路学院（NUAA）
maw,南京航空航天大学,闫成刚,电子信息工程学院/集成电路学院（NUAA）
maw,南京航空航天大学,崔益军,电子信息工程学院/集成电路学院（NUAA）
maw,南京航空航天大学,华博宇,电子信息工程学院/集成电路学院（NUAA）
maw,南京航空航天大学,丁娇,电子信息工程学院/集成电路学院（NUAA）
maw,南京航空航天大学,吴比,电子信息工程学院/集成电路学院（NUAA）
maw,南京航空航天大学,刘方,电子信息工程学院/集成电路学院（NUAA）
maw,南京航空航天大学,郭荣辉,电子信息工程学院/集成电路学院（NUAA）
maw,南京航空航天大学,朱钢,电子信息工程学院/集成电路学院（NUAA）
maw,南京航空航天大学,叶明,电子信息工程学院/集成电路学院（NUAA）
maw,南京航空航天大学,张晶晶,电子信息工程学院/集成电路学院（NUAA）
maw,南京航空航天大学,贾子晔,电子信息工程学院/集成电路学院（NUAA）
maw,南京航空航天大学,潘晶晶,电子信息工程学院/集成电路学院（NUAA）
maw,南京航空航天大学,屈毓锛,电子信息工程学院/集成电路学院（NUAA）
maw,南京航空航天大学,田贵云,自动化学院（NUAA）
maw,南京航空航天大学,赵敏,自动化学院（NUAA）
maw,南京航空航天大学,王友仁,自动化学院（NUAA）
maw,南京航空航天大学,刘文波,自动化学院（NUAA）
maw,南京航空航天大学,徐贵力,自动化学院（NUAA）
maw,南京航空航天大学,田裕鹏,自动化学院（NUAA）
maw,南京航空航天大学,姚恩涛,自动化学院（NUAA）
maw,南京航空航天大学,王海涛,自动化学院（NUAA）
maw,南京航空航天大学,王平,自动化学院（NUAA）
maw,南京航空航天大学,王敬东,自动化学院（NUAA）
maw,南京航空航天大学,陈则王,自动化学院（NUAA）
maw,南京航空航天大学,李开宇,自动化学院（NUAA）
maw,南京航空航天大学,姚敏,自动化学院（NUAA）
maw,南京航空航天大学,姚睿,自动化学院（NUAA）
maw,南京航空航天大学,朱永凯,自动化学院（NUAA）
maw,南京航空航天大学,储剑波,自动化学院（NUAA）
maw,南京航空航天大学,陈智军,自动化学院（NUAA）
maw,南京航空航天大学,周翟和,自动化学院（NUAA）
maw,南京航空航天大学,崔江,自动化学院（NUAA）
maw,南京航空航天大学,陆熊,自动化学院（NUAA）
maw,南京航空航天大学,郭瑞鹏,自动化学院（NUAA）
maw,南京航空航天大学,曾庆喜,自动化学院（NUAA）
maw,南京航空航天大学,张砦,自动化学院（NUAA）
maw,南京航空航天大学,董文德,自动化学院（NUAA）
maw,南京航空航天大学,李真,自动化学院（NUAA）
maw,南京航空航天大学,吴常铖,自动化学院（NUAA）
maw,南京航空航天大学,冯昆鹏,自动化学院（NUAA）
maw,南京航空航天大学,石玉,自动化学院（NUAA）
maw,南京航空航天大学,孔德明,自动化学院（NUAA）
maw,南京航空航天大学,贾银亮,自动化学院（NUAA）
maw,南京航空航天大学,林华,自动化学院（NUAA）
maw,南京航空航天大学,付大丰,自动化学院（NUAA）
maw,南京航空航天大学,李鹏,自动化学院（NUAA）
maw,南京航空航天大学,陈燕,自动化学院（NUAA）
maw,南京航空航天大学,游霞,自动化学院（NUAA）
maw,南京航空航天大学,黄晓梅,自动化学院（NUAA）
maw,南京航空航天大学,刘剑,自动化学院（NUAA）
maw,南京航空航天大学,费飞,自动化学院（NUAA）
maw,南京航空航天大学,田祥瑞,自动化学院（NUAA）
maw,南京航空航天大学,马栎敏,自动化学院（NUAA）
maw,南京航空航天大学,葛玖浩,自动化学院（NUAA）
maw,南京航空航天大学,陈虢,自动化学院（NUAA）
maw,南京航空航天大学,徐君,自动化学院（NUAA）
maw,南京航空航天大学,林雅洁,自动化学院（NUAA）
maw,南京航空航天大学,陈旺才,自动化学院（NUAA）
maw,南京航空航天大学,李志敏,自动化学院（NUAA）
maw,南京航空航天大学,单尧,自动化学院（NUAA）
maw,南京航空航天大学,阮新波,自动化学院（NUAA）
maw,南京航空航天大学,周波,自动化学院（NUAA）
maw,南京航空航天大学,邢岩,自动化学院（NUAA）
maw,南京航空航天大学,龚春英,自动化学院（NUAA）
maw,南京航空航天大学,黄文新,自动化学院（NUAA）
maw,南京航空航天大学,谢少军,自动化学院（NUAA）
maw,南京航空航天大学,王莉,自动化学院（NUAA）
maw,南京航空航天大学,邓智泉,自动化学院（NUAA）
maw,南京航空航天大学,肖岚,自动化学院（NUAA）
maw,南京航空航天大学,刘闯,自动化学院（NUAA）
maw,南京航空航天大学,陈乾宏,自动化学院（NUAA）
maw,南京航空航天大学,张方华,自动化学院（NUAA）
maw,南京航空航天大学,金科,自动化学院（NUAA）
maw,南京航空航天大学,张卓然,自动化学院（NUAA）
maw,南京航空航天大学,王慧贞,自动化学院（NUAA）
maw,南京航空航天大学,王勤,自动化学院（NUAA）
maw,南京航空航天大学,胡海兵,自动化学院（NUAA）
maw,南京航空航天大学,王晓琳,自动化学院（NUAA）
maw,南京航空航天大学,张之梁,自动化学院（NUAA）
maw,南京航空航天大学,王凯,自动化学院（NUAA）
maw,南京航空航天大学,陈新,自动化学院（NUAA）
maw,南京航空航天大学,张潮海,自动化学院（NUAA）
maw,南京航空航天大学,陈志辉,自动化学院（NUAA）
maw,南京航空航天大学,吴红飞,自动化学院（NUAA）
maw,南京航空航天大学,刘福鑫,自动化学院（NUAA）
maw,南京航空航天大学,曹鑫,自动化学院（NUAA）
maw,南京航空航天大学,任小永,自动化学院（NUAA）
maw,南京航空航天大学,吴淑群,自动化学院（NUAA）
maw,南京航空航天大学,黄旭珍,自动化学院（NUAA）
maw,南京航空航天大学,邢丽冬,自动化学院（NUAA）
maw,南京航空航天大学,郝振洋,自动化学院（NUAA）
maw,南京航空航天大学,魏佳丹,自动化学院（NUAA）
maw,南京航空航天大学,方天治,自动化学院（NUAA）
maw,南京航空航天大学,胡景新,自动化学院（NUAA）
maw,南京航空航天大学,曹瑞武,自动化学院（NUAA）
maw,南京航空航天大学,朱学忠,自动化学院（NUAA）
maw,南京航空航天大学,杨善水,自动化学院（NUAA）
maw,南京航空航天大学,王世山,自动化学院（NUAA）
maw,南京航空航天大学,马运东,自动化学院（NUAA）
maw,南京航空航天大学,孟小利,自动化学院（NUAA）
maw,南京航空航天大学,胡勤丰,自动化学院（NUAA）
maw,南京航空航天大学,秦海鸿,自动化学院（NUAA）
maw,南京航空航天大学,谢捷如,自动化学院（NUAA）
maw,南京航空航天大学,陈仲,自动化学院（NUAA）
maw,南京航空航天大学,翁晓光,自动化学院（NUAA）
maw,南京航空航天大学,罗运虎,自动化学院（NUAA）
maw,南京航空航天大学,许鹏,自动化学院（NUAA）
maw,南京航空航天大学,陈杰,自动化学院（NUAA）
maw,南京航空航天大学,郭健,自动化学院（NUAA）
maw,南京航空航天大学,王宇,自动化学院（NUAA）
maw,南京航空航天大学,卜飞飞,自动化学院（NUAA）
maw,南京航空航天大学,江军,自动化学院（NUAA）
maw,南京航空航天大学,许津铭,自动化学院（NUAA）
maw,南京航空航天大学,朱姝姝,自动化学院（NUAA）
maw,南京航空航天大学,刘海春,自动化学院（NUAA）
maw,南京航空航天大学,姜文颖,自动化学院（NUAA）
maw,南京航空航天大学,王涛,自动化学院（NUAA）
maw,南京航空航天大学,伍群芳,自动化学院（NUAA）
maw,南京航空航天大学,周玮阳,自动化学院（NUAA）
maw,南京航空航天大学,谭强,自动化学院（NUAA）
maw,南京航空航天大学,田兵,自动化学院（NUAA）
maw,南京航空航天大学,邵凌云,自动化学院（NUAA）
maw,南京航空航天大学,陈宝林,自动化学院（NUAA）
maw,南京航空航天大学,吴旭文,自动化学院（NUAA）
maw,南京航空航天大学,毛玲,自动化学院（NUAA）
maw,南京航空航天大学,金艳,自动化学院（NUAA）
maw,南京航空航天大学,谢征,自动化学院（NUAA）
maw,南京航空航天大学,刘巧珏,自动化学院（NUAA）
maw,南京航空航天大学,李世民,自动化学院（NUAA）
maw,南京航空航天大学,于立,自动化学院（NUAA）
maw,南京航空航天大学,朱小全,自动化学院（NUAA）
maw,南京航空航天大学,陈鹏伟,自动化学院（NUAA）
maw,南京航空航天大学,陶思钰,自动化学院（NUAA）
maw,南京航空航天大学,朱珉,自动化学院（NUAA）
maw,南京航空航天大学,曹志亮,自动化学院（NUAA）
maw,南京航空航天大学,邓翔,自动化学院（NUAA）
maw,南京航空航天大学,刘建红,自动化学院（NUAA）
maw,南京航空航天大学,蒋冬青,自动化学院（NUAA）
maw,南京航空航天大学,陈文明,自动化学院（NUAA）
maw,南京航空航天大学,徐华娟,自动化学院（NUAA）
maw,南京航空航天大学,杨岚,自动化学院（NUAA）
maw,南京航空航天大学,姜斌,自动化学院（NUAA）
maw,南京航空航天大学,刘春生,自动化学院（NUAA）
maw,南京航空航天大学,陈欣,自动化学院（NUAA）
maw,南京航空航天大学,黄一敏,自动化学院（NUAA）
maw,南京航空航天大学,陆宇平,自动化学院（NUAA）
maw,南京航空航天大学,王道波,自动化学院（NUAA）
maw,南京航空航天大学,刘建业,自动化学院（NUAA）
maw,南京航空航天大学,江驹,自动化学院（NUAA）
maw,南京航空航天大学,龚华军,自动化学院（NUAA）
maw,南京航空航天大学,孙永荣,自动化学院（NUAA）
maw,南京航空航天大学,杨忠,自动化学院（NUAA）
maw,南京航空航天大学,王志胜,自动化学院（NUAA）
maw,南京航空航天大学,叶永强,自动化学院（NUAA）
maw,南京航空航天大学,陈谋,自动化学院（NUAA）
maw,南京航空航天大学,熊智,自动化学院（NUAA）
maw,南京航空航天大学,王从庆,自动化学院（NUAA）
maw,南京航空航天大学,赖际舟,自动化学院（NUAA）
maw,南京航空航天大学,陈复扬,自动化学院（NUAA）
maw,南京航空航天大学,陆宁云,自动化学院（NUAA）
maw,南京航空航天大学,齐瑞云,自动化学院（NUAA）
maw,南京航空航天大学,杨浩,自动化学院（NUAA）
maw,南京航空航天大学,盛守照,自动化学院（NUAA）
maw,南京航空航天大学,甄子洋,自动化学院（NUAA）
maw,南京航空航天大学,张柯,自动化学院（NUAA）
maw,南京航空航天大学,冒泽慧,自动化学院（NUAA）
maw,南京航空航天大学,曾庆化,自动化学院（NUAA）
maw,南京航空航天大学,彭聪,自动化学院（NUAA）
maw,南京航空航天大学,王玉惠,自动化学院（NUAA）
maw,南京航空航天大学,沈俊,自动化学院（NUAA）
maw,南京航空航天大学,程月华,自动化学院（NUAA）
maw,南京航空航天大学,马亚杰,自动化学院（NUAA）
maw,南京航空航天大学,李荣冰,自动化学院（NUAA）
maw,南京航空航天大学,李涛,自动化学院（NUAA）
maw,南京航空航天大学,范胜林,自动化学院（NUAA）
maw,南京航空航天大学,袁锁中,自动化学院（NUAA）
maw,南京航空航天大学,祖家奎,自动化学院（NUAA）
maw,南京航空航天大学,赵伟,自动化学院（NUAA）
maw,南京航空航天大学,丁勇,自动化学院（NUAA）
maw,南京航空航天大学,李春涛,自动化学院（NUAA）
maw,南京航空航天大学,王彪,自动化学院（NUAA）
maw,南京航空航天大学,周大可,自动化学院（NUAA）
maw,南京航空航天大学,梅劲松,自动化学院（NUAA）
maw,南京航空航天大学,薛雅丽,自动化学院（NUAA）
maw,南京航空航天大学,曹东,自动化学院（NUAA）
maw,南京航空航天大学,杨欣,自动化学院（NUAA）
maw,南京航空航天大学,张绍杰,自动化学院（NUAA）
maw,南京航空航天大学,杨蒲,自动化学院（NUAA）
maw,南京航空航天大学,屈蔷,自动化学院（NUAA）
maw,南京航空航天大学,王新华,自动化学院（NUAA）
maw,南京航空航天大学,何真,自动化学院（NUAA）
maw,南京航空航天大学,张民,自动化学院（NUAA）
maw,南京航空航天大学,陈晓明,自动化学院（NUAA）
maw,南京航空航天大学,刘剑慰,自动化学院（NUAA）
maw,南京航空航天大学,唐超颖,自动化学院（NUAA）
maw,南京航空航天大学,王融,自动化学院（NUAA）
maw,南京航空航天大学,许睿,自动化学院（NUAA）
maw,南京航空航天大学,吕品,自动化学院（NUAA）
maw,南京航空航天大学,文利燕,自动化学院（NUAA）
maw,南京航空航天大学,朱静,自动化学院（NUAA）
maw,南京航空航天大学,解明扬,自动化学院（NUAA）
maw,南京航空航天大学,欧阳权,自动化学院（NUAA）
maw,南京航空航天大学,赵振华,自动化学院（NUAA）
maw,南京航空航天大学,邵书义,自动化学院（NUAA）
maw,南京航空航天大学,史爽,自动化学院（NUAA）
maw,南京航空航天大学,杜斌,自动化学院（NUAA）
maw,南京航空航天大学,张且且,自动化学院（NUAA）
maw,南京航空航天大学,王鹏,自动化学院（NUAA）
maw,南京航空航天大学,苏子康,自动化学院（NUAA）
maw,南京航空航天大学,郭彤,自动化学院（NUAA）
maw,南京航空航天大学,史拥军,自动化学院（NUAA）
maw,南京航空航天大学,吕迅竑,自动化学院（NUAA）
maw,南京航空航天大学,李丽荣,自动化学院（NUAA）
maw,南京航空航天大学,刘久富,自动化学院（NUAA）
maw,南京航空航天大学,孙春贞,自动化学院（NUAA）
maw,南京航空航天大学,万勇,自动化学院（NUAA）
maw,南京航空航天大学,赵振根,自动化学院（NUAA）
maw,南京航空航天大学,彭秀辉,自动化学院（NUAA）
maw,南京航空航天大学,余自权,自动化学院（NUAA）
maw,南京航空航天大学,张鹏,自动化学院（NUAA）
maw,南京航空航天大学,王瑛,自动化学院（NUAA）
maw,南京航空航天大学,肖士敏,自动化学院（NUAA）
maw,南京航空航天大学,万敏,自动化学院（NUAA）
maw,南京航空航天大学,杨姗姗,自动化学院（NUAA）
maw,南京航空航天大学,张玲,自动化学院（NUAA）
maw,南京航空航天大学,夏静萍,自动化学院（NUAA）
maw,南京航空航天大学,张苗,自动化学院（NUAA）
maw,南京航空航天大学,李雪兵,自动化学院（NUAA）
maw,南京航空航天大学,张朋,自动化学院（NUAA）
maw,南京航空航天大学,孟冲,自动化学院（NUAA）
maw,南京航空航天大学,陈欣,自动化学院（NUAA）
maw,南京航空航天大学,江驹,自动化学院（NUAA）
maw,南京航空航天大学,陈谋,自动化学院（NUAA）
maw,南京航空航天大学,王从庆,自动化学院（NUAA）
maw,南京航空航天大学,甄子洋,自动化学院（NUAA）
maw,南京航空航天大学,曾庆化,自动化学院（NUAA）
maw,南京航空航天大学,王玉惠,自动化学院（NUAA）
maw,南京航空航天大学,丁勇,自动化学院（NUAA）
maw,南京航空航天大学,周大可,自动化学院（NUAA）
maw,南京航空航天大学,杨欣,自动化学院（NUAA）
maw,南京航空航天大学,张民,自动化学院（NUAA）
maw,南京航空航天大学,李涛,自动化学院（NUAA）
maw,南京航空航天大学,钱志余,自动化学院（NUAA）
maw,南京航空航天大学,宋晓峰,自动化学院（NUAA）
maw,南京航空航天大学,尹建华,自动化学院（NUAA）
maw,南京航空航天大学,陈春晓,自动化学院（NUAA）
maw,南京航空航天大学,姜伟,自动化学院（NUAA）
maw,南京航空航天大学,陶玲,自动化学院（NUAA）
maw,南京航空航天大学,李韪韬,自动化学院（NUAA）
maw,南京航空航天大学,杨雅敏,自动化学院（NUAA）
maw,南京航空航天大学,祝桥桥,自动化学院（NUAA）
maw,南京航空航天大学,张益之,自动化学院（NUAA）
maw,南京航空航天大学,黄凤玲,自动化学院（NUAA）
maw,南京航空航天大学,高凡,自动化学院（NUAA）
maw,南京航空航天大学,刘晶晶,自动化学院（NUAA）
maw,南京航空航天大学,王慧捷,自动化学院（NUAA）
maw,南京航空航天大学,章洁,自动化学院（NUAA）
maw,南京航空航天大学,戴华,理学院（NUAA）
maw,南京航空航天大学,王正盛,理学院（NUAA）
maw,南京航空航天大学,王春武,理学院（NUAA）
maw,南京航空航天大学,张鲁明,理学院（NUAA）
maw,南京航空航天大学,朱君,理学院（NUAA）
maw,南京航空航天大学,岳勤,理学院（NUAA）
maw,南京航空航天大学,许克祥,理学院（NUAA）
maw,南京航空航天大学,李鹏同,理学院（NUAA）
maw,南京航空航天大学,安玉坤,理学院（NUAA）
maw,南京航空航天大学,陈芳启,理学院（NUAA）
maw,南京航空航天大学,曹喜望,理学院（NUAA）
maw,南京航空航天大学,王丽平,理学院（NUAA）
maw,南京航空航天大学,赵洪涌,理学院（NUAA）
maw,南京航空航天大学,蒋建林,理学院（NUAA）
maw,南京航空航天大学,徐江,理学院（NUAA）
maw,南京航空航天大学,蒋辉,理学院（NUAA）
maw,南京航空航天大学,龚荣芳,理学院（NUAA）
maw,南京航空航天大学,曹峰,理学院（NUAA）
maw,南京航空航天大学,王泽军,理学院（NUAA）
maw,南京航空航天大学,王彤,理学院（NUAA）
maw,南京航空航天大学,廖洪林,理学院（NUAA）
maw,南京航空航天大学,徐超江,理学院（NUAA）
maw,南京航空航天大学,赵颖,理学院（NUAA）
maw,南京航空航天大学,刘心声,理学院（NUAA）
maw,南京航空航天大学,杨瑞芳,理学院（NUAA）
maw,南京航空航天大学,马儒宁,理学院（NUAA）
maw,南京航空航天大学,陈晓红,理学院（NUAA）
maw,南京航空航天大学,张丽萍,理学院（NUAA）
maw,南京航空航天大学,杨秀绘,理学院（NUAA）
maw,南京航空航天大学,王东红,理学院（NUAA）
maw,南京航空航天大学,张娟,理学院（NUAA）
maw,南京航空航天大学,张静,理学院（NUAA）
maw,南京航空航天大学,朱晓星,理学院（NUAA）
maw,南京航空航天大学,胡志斌,理学院（NUAA）
maw,南京航空航天大学,曹荣美,理学院（NUAA）
maw,南京航空航天大学,袁泉,理学院（NUAA）
maw,南京航空航天大学,文杰,理学院（NUAA）
maw,南京航空航天大学,朱小萌,理学院（NUAA）
maw,南京航空航天大学,朱学红,理学院（NUAA）
maw,南京航空航天大学,孟彬,理学院（NUAA）
maw,南京航空航天大学,肖光世,理学院（NUAA）
maw,南京航空航天大学,程晓芸,理学院（NUAA）
maw,南京航空航天大学,毛徐新,理学院（NUAA）
maw,南京航空航天大学,刘文忠,理学院（NUAA）
maw,南京航空航天大学,郭雨珍,理学院（NUAA）
maw,南京航空航天大学,刘皞,理学院（NUAA）
maw,南京航空航天大学,张琦,理学院（NUAA）
maw,南京航空航天大学,潘丽君,理学院（NUAA）
maw,南京航空航天大学,董建平,理学院（NUAA）
maw,南京航空航天大学,任凤丽,理学院（NUAA）
maw,南京航空航天大学,崔庆,理学院（NUAA）
maw,南京航空航天大学,钟玲平,理学院（NUAA）
maw,南京航空航天大学,杨熙,理学院（NUAA）
maw,南京航空航天大学,赵亮,理学院（NUAA）
maw,南京航空航天大学,黄小涛,理学院（NUAA）
maw,南京航空航天大学,周良强,理学院（NUAA）
maw,南京航空航天大学,岳高成,理学院（NUAA）
maw,南京航空航天大学,宋大伟,理学院（NUAA）
maw,南京航空航天大学,胡志成,理学院（NUAA）
maw,南京航空航天大学,吴健,理学院（NUAA）
maw,南京航空航天大学,龚跃政,理学院（NUAA）
maw,南京航空航天大学,杨勇,理学院（NUAA）
maw,南京航空航天大学,潘茂东,理学院（NUAA）
maw,南京航空航天大学,余迁,理学院（NUAA）
maw,南京航空航天大学,高益铭,理学院（NUAA）
maw,南京航空航天大学,周含策,理学院（NUAA）
maw,南京航空航天大学,李秀娟,理学院（NUAA）
maw,南京航空航天大学,沙春林,理学院（NUAA）
maw,南京航空航天大学,方谋耶,理学院（NUAA）
maw,南京航空航天大学,李艳,理学院（NUAA）
maw,南京航空航天大学,蒋素荣,理学院（NUAA）
maw,南京航空航天大学,王粉兰,理学院（NUAA）
maw,南京航空航天大学,张旭,理学院（NUAA）
maw,南京航空航天大学,陈钢,理学院（NUAA）
maw,南京航空航天大学,王姗姗,理学院（NUAA）
maw,南京航空航天大学,姜云波,理学院（NUAA）
maw,南京航空航天大学,尹晨,理学院（NUAA）
maw,南京航空航天大学,宋旸,理学院（NUAA）
maw,南京航空航天大学,潘星宏,理学院（NUAA）
maw,南京航空航天大学,唐与聪,理学院（NUAA）
maw,南京航空航天大学,邵华,理学院（NUAA）
maw,南京航空航天大学,娄兆伟,理学院（NUAA）
maw,南京航空航天大学,龙波涛,理学院（NUAA）
maw,南京航空航天大学,曹红梅,理学院（NUAA）
maw,南京航空航天大学,施大宁,理学院（NUAA）
maw,南京航空航天大学,赵志敏,理学院（NUAA）
maw,南京航空航天大学,杨雁南,理学院（NUAA）
maw,南京航空航天大学,朱陈平,理学院（NUAA）
maw,南京航空航天大学,刘友文,理学院（NUAA）
maw,南京航空航天大学,李晋斌,理学院（NUAA）
maw,南京航空航天大学,潘风明,理学院（NUAA）
maw,南京航空航天大学,阚彩侠,理学院（NUAA）
maw,南京航空航天大学,樊济宇,理学院（NUAA）
maw,南京航空航天大学,胡亚鹏,理学院（NUAA）
maw,南京航空航天大学,杨浩,理学院（NUAA）
maw,南京航空航天大学,姜明明,理学院（NUAA）
maw,南京航空航天大学,尤文龙,理学院（NUAA）
maw,南京航空航天大学,李伟伟,理学院（NUAA）
maw,南京航空航天大学,张永梅,理学院（NUAA）
maw,南京航空航天大学,王开圣,理学院（NUAA）
maw,南京航空航天大学,张卫纯,理学院（NUAA）
maw,南京航空航天大学,尹小刚,理学院（NUAA）
maw,南京航空航天大学,王东生,理学院（NUAA）
maw,南京航空航天大学,陆地,理学院（NUAA）
maw,南京航空航天大学,罗建,理学院（NUAA）
maw,南京航空航天大学,刘曙娥,理学院（NUAA）
maw,南京航空航天大学,马海霞,理学院（NUAA）
maw,南京航空航天大学,胡冬生,理学院（NUAA）
maw,南京航空航天大学,兰秀风,理学院（NUAA）
maw,南京航空航天大学,王吉明,理学院（NUAA）
maw,南京航空航天大学,徐峰,理学院（NUAA）
maw,南京航空航天大学,牛志平,理学院（NUAA）
maw,南京航空航天大学,林玮,理学院（NUAA）
maw,南京航空航天大学,肖杨,理学院（NUAA）
maw,南京航空航天大学,杜朝玲,理学院（NUAA）
maw,南京航空航天大学,朱岩,理学院（NUAA）
maw,南京航空航天大学,时阳光,理学院（NUAA）
maw,南京航空航天大学,吉彦达,理学院（NUAA）
maw,南京航空航天大学,孙高永,理学院（NUAA）
maw,南京航空航天大学,朱兴忠,理学院（NUAA）
maw,南京航空航天大学,钱凤娇,理学院（NUAA）
maw,南京航空航天大学,伏洋洋,理学院（NUAA）
maw,南京航空航天大学,卢俊峰,理学院（NUAA）
maw,南京航空航天大学,吕梦蛟,理学院（NUAA）
maw,南京航空航天大学,张玲珑,理学院（NUAA）
maw,南京航空航天大学,夏斯浩,理学院（NUAA）
maw,南京航空航天大学,罗强,理学院（NUAA）
maw,南京航空航天大学,奚揆天,理学院（NUAA）
maw,南京航空航天大学,许秋生,理学院（NUAA）
maw,南京航空航天大学,杨玉娥,理学院（NUAA）
maw,南京航空航天大学,顾晓蓉,理学院（NUAA）
maw,南京航空航天大学,陈昌东,理学院（NUAA）
maw,南京航空航天大学,曹水艳,理学院（NUAA）
maw,南京航空航天大学,殷义豪,理学院（NUAA）
maw,南京航空航天大学,韦廷查,理学院（NUAA）
maw,南京航空航天大学,薛明,理学院（NUAA）
maw,南京航空航天大学,顾燕,理学院（NUAA）
maw,南京航空航天大学,孙春龙,理学院（NUAA）
maw,南京航空航天大学,孔旺,理学院（NUAA）
maw,南京航空航天大学,洪旗,理学院（NUAA）
maw,南京航空航天大学,高风双,理学院（NUAA）
maw,南京航空航天大学,闫建璐,理学院（NUAA）
maw,南京航空航天大学,陈鹏,理学院（NUAA）
maw,南京航空航天大学,Andre Alencar da Costa,理学院（NUAA）
maw,南京航空航天大学,王睿,理学院（NUAA）
